12316;Broche Dorado N§8 * 100 3.3 Cm;17/12/19;85
12308;Broche Dorado N§4 * 100 1.9 Cm;14/05/19;185
5332;Abro.Maped 26/6 Advan. 354511;14/01/19;109
3605;Agen.Tapa Cabra/Carp 8 Sin Rep;31/03/19;160
12321;Broche Dorado N§12* 100 6.5 Cm;04/08/19;141
3829;Agen.Morgan Pro Span Enc.Di.19;26/04/19;170
12614;Broche N§ 10    X 1000 Mit;09/08/19;194
11432;Bolsa P-Regalo N3 Color  20*32;09/06/19;149
8301;Pegamento P/ Tela 40Ml     Ad;22/06/19;180
88301;Mo¤O Corbata Argentina;15/06/19;182
5294;Abrochadora Kangaro  Hd-23S13;08/04/19;136
96041;Bibliorato Esq.Avios Plas.Colo;14/02/19;20
5080;Abro.Filgo Compact N§10   510;24/07/19;166
109740;Roller Simball Gel Centro;11/04/19;158
1003;Acetato Rollo 10*0.45 Mac;29/12/19;39
107010;Boligrafo Maped Retract.225131;22/09/19;163
11424;Bolsa P-Regalo N1 Natura 12*19;08/07/19;142
126489;Broche N§ 23/6  X 1000 Mit;09/11/19;119
2669;Adhesivo Brillitos  Plasticola;04/02/19;26
92161;Bastidor 40*40 Turk Boceteado;19/08/19;92
1094910;Roller Filgo Borraxion  0.7;11/01/19;122
6501;Arandelas De Carton X 500;12/02/19;100
1000;Acetato Pvc Incol.35*50 180Mm;29/06/19;193
12307;Broche Dorado Nø3 * 100 1.7 Cm;17/01/19;134
272512;Volibarra 40G;10/12/19;32
10027;Block Dibujo N§6 El Nene Color;28/01/19;114
92041;Bastidor Entelado 40 * 70;01/05/19;105
1063220;Boligrafo Filgo Monet Hexagona;06/03/19;63
1143400;Bolsa P-Regalo N4 Color  26*36;16/02/19;148
11410;Bolsa Holografica Botella;04/10/19;82
1003;Acetato Rollo 10*0.45 Mac;01/10/19;101
26002;Adhesivo Tintoretto 50 Grs.;03/06/19;155
1099999000;Roller Ub-185 Vision Needle;10/04/19;162
1070641;Boligrafo Rexon Solidly Techjo;07/01/19;188
3629;Agen.Moovi.15*21 Dia.Elasti 19;22/05/19;150
2627;Adhesivo  Voligoma 50 C;22/09/19;197
1091640;Roller Faber Magic Roller  07;22/09/19;132
272511;Volibarra 20G.;22/07/19;165
1116101;Jgo.Boli.Portamina Tandilia;01/06/19;107
100161;Block Dib.N§5 Ping.Fant/Col/De;30/12/19;61
118111;Borrador P/Pizarra Sifap;02/09/19;108
126499;Broche N§ 23/10 X 1000 Mit;20/09/19;136
1070423;Bol.Parker 88221/224/218 Im Pr;22/11/19;196
883500;Bandera Pcia.Bs.As.Te. 135*250;08/04/19;59
92071;Bastidor Entelado 60 * 80;22/08/19;94
10632200;Boligrafo Filgo Tbf-Bp-Bnr;17/09/19;169
1070451;Bol.Parkejt307/8/9/10/1/12/3/6;01/09/19;200
26150;Adhesivo Vinilico Sta 50  Grs.;09/05/19;181
10956;Roller Pilot Bl-Vb7;03/07/19;66
10051;Block Fantasia Osito;01/11/19;130
9204;Bastidor Entelado 40 * 60;19/11/19;153
10704;Boligrafo Paper Mate Gel X8;24/06/19;180
2675;Adhesivo Vinili.250 Plasticola;22/12/19;90
18070;Acuarela * 12 Jovi;06/10/19;30
5330;Abro.Maped Essent.N§10  352311;01/08/19;189
4122;Rto.Rayado/Cuadro N§8     (70);15/06/19;94
544;Abro.Mit 64 Pinza Cromada;18/11/19;168
126908;Broche N§ 24/6  X 5000 Meras;31/01/19;174
109746;Roller Simball Fluon;12/05/19;120
107040;Boligrafo Paper Mate Borra.Max;08/10/19;24
11128;Jgo.Inox.Bol.Lap.2002/O Cromad;05/04/19;121
100341;Block A4 Perforado 80 Avon;23/02/19;108
27259;Barra Faber Castell  9G.;05/02/19;62
6804;Aros Metalicos 60 Mm Sifap X50;25/11/19;135
10023200;Block Dibujo Nú5 Luma Blanco;22/11/19;128